MaterialDefinition,MaterialClass,LotNumber,Quantity,Unit,Transaction Date,Manufacturer
Mark 86,Iron Man,MK86_01,1,EA,2024-10-12T02:49:21Z,Stark Industries
Mark 86,Iron Man,MK86_02,1,EA,2024-10-12T02:49:21Z,Stark Industries
Mark 86,Iron Man,MK86_03,1,EA,2024-10-12T02:49:21Z,Stark Industries
Mark 86,Iron Man,MK86_04,1,EA,2024-10-12T02:49:21Z,Stark Industries
Mark 86,Iron Man,MK86_05,1,EA,2024-10-12T02:49:21Z,Stark Industries
Mark 86,Iron Man,MK86_06,1,EA,2024-10-12T02:49:21Z,Stark Industries
Mark 86,Iron Man,MK86_07,1,EA,2024-10-12T02:49:21Z,Stark Industries
AI_Chip_Jarvis_01,AI Chip,AIC_J_01_001,1,EA,2024-07-23T16:53:00Z,Stark Industries NY
AI_Chip_Jarvis_01,AI Chip,AIC_J_01_002,1,EA,2024-09-05T02:49:21Z,Stark Industries West
AI_Chip_Jarvis_01,AI Chip,AIC_J_01_003,1,EA,2024-08-16T21:09:27Z,Stark Industries East
AI_Chip_Jarvis_01,AI Chip,AIC_J_01_004,1,EA,2024-10-14T03:59:55Z,Stark Industries NY
AI_Chip_Jarvis_01,AI Chip,AIC_J_01_005,1,EA,2024-09-24T09:13:05Z,Stark Industries West
AI_Chip_Jarvis_01,AI Chip,AIC_J_01_006,1,EA,2024-08-19T05:38:19Z,Stark Industries East
AI_Chip_Jarvis_01,AI Chip,AIC_J_01_007,1,EA,2024-07-05T14:12:48Z,Stark Industries NY
AI_Chip_Jarvis_02,AI Chip,AIC_J_02_001,1,EA,2024-09-13T09:10:58Z,Stark Industries West
AI_Chip_Jarvis_02,AI Chip,AIC_J_02_002,1,EA,2024-09-15T21:24:45Z,Stark Industries East
AI_Chip_Jarvis_02,AI Chip,AIC_J_02_003,1,EA,2024-09-19T02:29:55Z,Stark Industries NY
AI_Chip_Jarvis_02,AI Chip,AIC_J_02_004,1,EA,2024-07-24T00:50:03Z,Stark Industries West
AI_Chip_Jarvis_02,AI Chip,AIC_J_02_005,1,EA,2024-09-21T07:34:23Z,Stark Industries East
AI_Chip_Jarvis_02,AI Chip,AIC_J_02_006,1,EA,2024-10-01T09:56:05Z,Stark Industries NY
AI_Chip_Jarvis_02,AI Chip,AIC_J_02_007,1,EA,2024-10-17T09:16:51Z,Stark Industries West
AI_Chip_Jarvis_02,AI Chip,AIC_J_02_008,1,EA,2024-09-27T08:19:37Z,Stark Industries East
AI_Chip_Jarvis_02,AI Chip,AIC_J_02_009,1,EA,2024-10-28T16:08:16Z,Stark Industries NY
AI_Chip_Jarvis_02,AI Chip,AIC_J_02_010,1,EA,2024-10-19T18:49:07Z,Stark Industries West
AI_Chip_Jarvis_02,AI Chip,AIC_J_02_011,1,EA,2024-08-06T12:19:37Z,Stark Industries East
AI_Chip_Jarvis_02,AI Chip,AIC_J_02_012,1,EA,2024-08-20T07:21:50Z,Stark Industries NY
AI_Chip_Jarvis_02,AI Chip,AIC_J_02_013,1,EA,2024-07-16T13:00:23Z,Stark Industries West
AI_Chip_Jarvis_02,AI Chip,AIC_J_02_014,1,EA,2024-07-19T05:06:28Z,Stark Industries East
AI_Chip_Friday_01,AI Chip,AIC_F_01_001,1,EA,2024-07-18T20:33:52Z,Stark Industries NY
AI_Chip_Friday_01,AI Chip,AIC_F_01_002,1,EA,2024-10-21T03:00:05Z,Stark Industries West
AI_Chip_Friday_01,AI Chip,AIC_F_01_003,1,EA,2024-08-21T22:30:42Z,Stark Industries East
AI_Chip_Friday_02,AI Chip,AIC_F_02_001,1,EA,2024-09-11T01:53:05Z,Stark Industries NY
AI_Chip_Friday_02,AI Chip,AIC_F_02_002,1,EA,2024-08-09T15:59:44Z,Stark Industries West
AI_Chip_Friday_02,AI Chip,AIC_F_02_003,1,EA,2024-07-05T10:59:43Z,Stark Industries East
AI_Chip_Friday_03,AI Chip,AIC_F_03_001,1,EA,2024-09-24T21:28:28Z,Stark Industries NY
AI_Chip_Friday_03,AI Chip,AIC_F_03_002,1,EA,2024-09-16T17:38:30Z,Stark Industries West
AI_Chip_Friday_03,AI Chip,AIC_F_03_003,1,EA,2024-08-27T12:06:49Z,Stark Industries East
AI_Chip_Friday_04,AI Chip,AIC_F_04_001,1,EA,2024-10-10T02:35:57Z,Stark Industries NY
AI_Chip_Friday_04,AI Chip,AIC_F_04_002,1,EA,2024-07-12T21:04:32Z,Stark Industries West
AI_Chip_Friday_04,AI Chip,AIC_F_04_003,1,EA,2024-10-19T19:10:45Z,Stark Industries East
AI_Chip_Friday_04,AI Chip,AIC_F_04_004,1,EA,2024-09-26T05:03:59Z,Stark Industries NY
AI_Chip_Friday_04,AI Chip,AIC_F_04_005,1,EA,2024-08-01T10:02:02Z,Stark Industries West
AI_Chip_Friday_04,AI Chip,AIC_F_04_006,1,EA,2024-10-14T07:55:30Z,Stark Industries East
AI_Chip_Friday_04,AI Chip,AIC_F_04_007,1,EA,2024-09-07T05:45:25Z,Stark Industries NY
AI_Chip_Friday_04,AI Chip,AIC_F_04_008,1,EA,2024-08-02T18:52:29Z,Stark Industries West
Arm_Adamantium_001,Arm Piece,AR449369B,1,EA,2024-08-11T17:30:55Z,Oscorp
Arm_Adamantium_001,Arm Piece,AR240136B,1,EA,2024-10-23T09:01:12Z,Oscorp
Arm_Adamantium_001,Arm Piece,AR918315B,1,EA,2024-10-20T18:41:15Z,Oscorp
Arm_Adamantium_001,Arm Piece,AR625139C,1,EA,2024-07-08T01:34:47Z,Oscorp
Arm_Adamantium_001,Arm Piece,AR599688B,1,EA,2024-09-18T04:36:30Z,Oscorp
Arm_Adamantium_002,Arm Piece,AR156439C,1,EA,2024-07-02T20:35:50Z,Oscorp
Arm_Adamantium_002,Arm Piece,AR127339C,1,EA,2024-07-03T12:01:38Z,Oscorp
Arm_Adamantium_002,Arm Piece,AR433643B,1,EA,2024-09-14T22:18:56Z,Oscorp
Arm_Adamantium_002,Arm Piece,AR426301B,1,EA,2024-08-15T10:14:19Z,Oscorp
Arm_Adamantium_002,Arm Piece,AR904616B,1,EA,2024-10-06T18:52:02Z,Oscorp
Arm_Adamantium_003,Arm Piece,AR156570C,1,EA,2024-07-09T23:42:56Z,Oscorp
Arm_Adamantium_003,Arm Piece,AR330052A,1,EA,2024-08-25T21:35:38Z,Oscorp
Arm_Adamantium_003,Arm Piece,AR786626A,1,EA,2024-10-05T16:36:02Z,Oscorp
Arm_Adamantium_003,Arm Piece,AR371599B,1,EA,2024-09-07T18:52:03Z,Oscorp
Arm_Adamantium_003,Arm Piece,AR597003C,1,EA,2024-09-10T23:57:03Z,Oscorp
Arm_Adamantium_003,Arm Piece,AR992006A,1,EA,2024-08-05T05:07:42Z,Oscorp
Arm_Adamantium_003,Arm Piece,AR732635C,1,EA,2024-09-21T19:07:23Z,Oscorp
Arm_Adamantium_003,Arm Piece,AR338577A,1,EA,2024-07-20T14:43:49Z,Oscorp
Arm_Adamantium_004,Arm Piece,AR601164A,1,EA,2024-09-19T22:08:03Z,Oscorp
Arm_Adamantium_004,Arm Piece,AR250710B,1,EA,2024-09-21T19:49:09Z,Oscorp
Arm_Adamantium_004,Arm Piece,AR891779B,1,EA,2024-07-18T13:05:13Z,Oscorp
Arm_Adamantium_005,Arm Piece,AR123325B,1,EA,2024-07-16T02:52:05Z,Oscorp
Arm_Adamantium_005,Arm Piece,AR584628C,1,EA,2024-07-14T03:03:52Z,Oscorp
Arm_Adamantium_005,Arm Piece,AR369772B,1,EA,2024-07-14T15:44:15Z,Oscorp
Arm_Adamantium_005,Arm Piece,AR906861B,1,EA,2024-08-24T21:50:35Z,Oscorp
Arm_Adamantium_005,Arm Piece,AR723831C,1,EA,2024-08-19T05:00:49Z,Oscorp
Arm_Adamantium_005,Arm Piece,AR369548C,1,EA,2024-10-16T11:13:34Z,Oscorp
Arm_Adamantium_005,Arm Piece,AR701549B,1,EA,2024-10-20T04:57:16Z,Oscorp
Arm_Adamantium_005,Arm Piece,AR565796C,1,EA,2024-07-24T07:20:32Z,Oscorp
Arm_Adamantium_005,Arm Piece,AR424990C,1,EA,2024-09-23T13:46:52Z,Oscorp
Arm_Adamantium_005,Arm Piece,AR762236A,1,EA,2024-07-09T03:03:00Z,Oscorp
Arm_Nanotech_001,Arm Piece,AR449369B,1,EA,2024-10-04T07:15:48Z,Stark Industries
Arm_Nanotech_001,Arm Piece,AR240136B,1,EA,2024-07-04T18:30:19Z,Pym Technologies
Arm_Nanotech_001,Arm Piece,AR918315B,1,EA,2024-09-13T22:44:16Z,Stark Industries
Arm_Nanotech_001,Arm Piece,AR625139C,1,EA,2024-08-01T06:11:38Z,Pym Technologies
Arm_Nanotech_001,Arm Piece,AR599688B,1,EA,2024-09-21T01:41:42Z,Stark Industries
Arm_Nanotech_002,Arm Piece,AR156439C,1,EA,2024-10-26T23:20:48Z,Pym Technologies
Arm_Nanotech_002,Arm Piece,AR127339C,1,EA,2024-09-15T07:18:54Z,Stark Industries
Arm_Nanotech_002,Arm Piece,AR433643B,1,EA,2024-10-20T12:36:38Z,Pym Technologies
Arm_Nanotech_002,Arm Piece,AR426301B,1,EA,2024-08-13T22:18:50Z,Stark Industries
Arm_Nanotech_002,Arm Piece,AR904616B,1,EA,2024-10-13T00:06:37Z,Pym Technologies
Arm_Nanotech_003,Arm Piece,AR156570C,1,EA,2024-08-28T13:55:41Z,Stark Industries
Arm_Nanotech_003,Arm Piece,AR330052A,1,EA,2024-09-08T02:29:30Z,Pym Technologies
Arm_Nanotech_003,Arm Piece,AR786626A,1,EA,2024-09-24T06:10:38Z,Stark Industries
Arm_Nanotech_003,Arm Piece,AR371599B,1,EA,2024-09-04T22:26:40Z,Pym Technologies
Arm_Nanotech_003,Arm Piece,AR597003C,1,EA,2024-09-10T09:18:20Z,Stark Industries
Arm_Nanotech_003,Arm Piece,AR992006A,1,EA,2024-07-21T06:38:40Z,Pym Technologies
Arm_Nanotech_003,Arm Piece,AR732635C,1,EA,2024-07-02T20:45:27Z,Stark Industries
Arm_Nanotech_003,Arm Piece,AR338577A,1,EA,2024-09-04T15:42:28Z,Pym Technologies
Arm_Nanotech_004,Arm Piece,AR601164A,1,EA,2024-09-28T17:43:20Z,Stark Industries
Arm_Nanotech_004,Arm Piece,AR250710B,1,EA,2024-08-10T20:19:34Z,Pym Technologies
Arm_Nanotech_004,Arm Piece,AR891779B,1,EA,2024-09-06T08:07:08Z,Stark Industries
Arm_Nanotech_005,Arm Piece,AR123325B,1,EA,2024-07-02T19:00:10Z,Pym Technologies
Arm_Nanotech_005,Arm Piece,AR584628C,1,EA,2024-08-05T19:13:20Z,Stark Industries
Arm_Nanotech_005,Arm Piece,AR369772B,1,EA,2024-09-01T07:21:52Z,Pym Technologies
Arm_Nanotech_005,Arm Piece,AR906861B,1,EA,2024-07-26T17:57:02Z,Stark Industries
Arm_Nanotech_005,Arm Piece,AR723831C,1,EA,2024-08-12T21:21:28Z,Pym Technologies
Arm_Nanotech_005,Arm Piece,AR369548C,1,EA,2024-07-20T21:26:53Z,Stark Industries
Arm_Nanotech_005,Arm Piece,AR701549B,1,EA,2024-08-05T18:40:05Z,Pym Technologies
Arm_Nanotech_005,Arm Piece,AR565796C,1,EA,2024-07-04T15:39:27Z,Stark Industries
Arm_Nanotech_005,Arm Piece,AR424990C,1,EA,2024-09-02T11:50:18Z,Pym Technologies
Arm_Nanotech_005,Arm Piece,AR762236A,1,EA,2024-09-22T12:39:47Z,Stark Industries
Arm_Vibranium_001,Arm Piece,AR914348C,1,EA,2024-08-09T22:09:57Z,Wakandan Design Group
Arm_Vibranium_001,Arm Piece,AR937222A,1,EA,2024-08-19T10:09:01Z,Wakandan Design Group
Arm_Vibranium_001,Arm Piece,AR968546A,1,EA,2024-09-14T23:46:48Z,Wakandan Design Group
Arm_Vibranium_001,Arm Piece,AR455976C,1,EA,2024-10-22T06:23:29Z,Wakandan Design Group
Arm_Vibranium_001,Arm Piece,AR828667B,1,EA,2024-08-25T05:39:36Z,Wakandan Design Group
Arm_Vibranium_001,Arm Piece,AR462156A,1,EA,2024-10-16T18:27:00Z,Wakandan Design Group
Arm_Vibranium_001,Arm Piece,AR533563C,1,EA,2024-10-17T16:35:30Z,Wakandan Design Group
Arm_Vibranium_001,Arm Piece,AR466104C,1,EA,2024-08-10T10:10:06Z,Wakandan Design Group
Arm_Vibranium_002,Arm Piece,AR833369C,1,EA,2024-07-07T04:51:46Z,Wakandan Design Group
Arm_Vibranium_002,Arm Piece,AR711879A,1,EA,2024-10-22T01:20:36Z,Wakandan Design Group
Arm_Vibranium_002,Arm Piece,AR200821B,1,EA,2024-10-18T17:39:36Z,Wakandan Design Group
Arm_Vibranium_002,Arm Piece,AR143787A,1,EA,2024-09-27T06:05:50Z,Wakandan Design Group
Arm_Vibranium_003,Arm Piece,AR440796A,1,EA,2024-07-13T21:02:50Z,Wakandan Design Group
Arm_Vibranium_003,Arm Piece,AR194798C,1,EA,2024-08-21T22:05:49Z,Wakandan Design Group
Arm_Vibranium_003,Arm Piece,AR125501B,1,EA,2024-08-02T12:26:30Z,Wakandan Design Group
Arm_Vibranium_003,Arm Piece,AR709571A,1,EA,2024-07-27T11:01:09Z,Wakandan Design Group
Arm_Vibranium_003,Arm Piece,AR260874B,1,EA,2024-09-23T10:38:23Z,Wakandan Design Group
Arm_Vibranium_004,Arm Piece,AR780374C,1,EA,2024-10-21T23:04:22Z,Wakandan Design Group
Arm_Vibranium_004,Arm Piece,AR387249C,1,EA,2024-07-02T07:57:50Z,Wakandan Design Group
Arm_Vibranium_004,Arm Piece,AR659368C,1,EA,2024-10-17T05:16:44Z,Wakandan Design Group
Arm_Vibranium_004,Arm Piece,AR524385C,1,EA,2024-09-17T09:10:09Z,Wakandan Design Group
Arm_Vibranium_004,Arm Piece,AR870841B,1,EA,2024-10-27T12:40:33Z,Wakandan Design Group
Arm_Vibranium_004,Arm Piece,AR200135A,1,EA,2024-07-24T20:52:04Z,Wakandan Design Group
Arm_Vibranium_005,Arm Piece,AR718489A,1,EA,2024-09-27T13:47:10Z,Wakandan Design Group
Arm_Vibranium_005,Arm Piece,AR900542A,1,EA,2024-08-06T01:48:51Z,Wakandan Design Group
Arm_Vibranium_005,Arm Piece,AR800077A,1,EA,2024-08-11T01:39:16Z,Wakandan Design Group
Arm_Vibranium_005,Arm Piece,AR825183C,1,EA,2024-10-25T08:01:53Z,Wakandan Design Group
Bucky_Arm_Vibranium_001,Arm Piece,BU296319B,1,EA,2024-10-14T18:06:01Z,Rand Corporation
Bucky_Arm_Vibranium_001,Arm Piece,BU456857A,1,EA,2024-09-02T16:55:05Z,Roxxon
Bucky_Arm_Vibranium_001,Arm Piece,BU710301A,1,EA,2024-10-01T03:29:15Z,Alchemax
Bucky_Arm_Vibranium_001,Arm Piece,BU661683C,1,EA,2024-08-13T17:43:42Z,Rand Corporation
Bucky_Arm_Vibranium_001,Arm Piece,BU861512A,1,EA,2024-10-07T23:30:30Z,Roxxon
Bucky_Arm_Vibranium_001,Arm Piece,BU511488C,1,EA,2024-10-07T17:33:45Z,Alchemax
Bucky_Arm_Vibranium_001,Arm Piece,BU464967B,1,EA,2024-07-12T04:02:52Z,Rand Corporation
Bucky_Arm_Vibranium_001,Arm Piece,BU710600B,1,EA,2024-10-15T23:24:31Z,Roxxon
Bucky_Arm_Vibranium_001,Arm Piece,BU506151C,1,EA,2024-08-12T22:35:54Z,Alchemax
Bucky_Arm_Vibranium_002,Arm Piece,BU523689C,1,EA,2024-07-20T03:15:26Z,Rand Corporation
Bucky_Arm_Vibranium_002,Arm Piece,BU448615A,1,EA,2024-07-09T01:53:58Z,Roxxon
Bucky_Arm_Vibranium_002,Arm Piece,BU316873C,1,EA,2024-07-12T16:34:47Z,Alchemax
Bucky_Arm_Vibranium_002,Arm Piece,BU940986A,1,EA,2024-09-05T12:54:44Z,Rand Corporation
Bucky_Arm_Vibranium_002,Arm Piece,BU657351A,1,EA,2024-10-09T09:29:50Z,Roxxon
Bucky_Arm_Vibranium_002,Arm Piece,BU117920A,1,EA,2024-10-17T09:00:04Z,Alchemax
Bucky_Arm_Vibranium_002,Arm Piece,BU981147C,1,EA,2024-10-16T04:52:54Z,Rand Corporation
Bucky_Arm_Vibranium_003,Arm Piece,BU391985A,1,EA,2024-10-02T20:13:51Z,Roxxon
Bucky_Arm_Vibranium_003,Arm Piece,BU474086B,1,EA,2024-10-05T06:28:32Z,Alchemax
Bucky_Arm_Vibranium_003,Arm Piece,BU797499B,1,EA,2024-07-12T03:17:20Z,Rand Corporation
Bucky_Arm_Vibranium_003,Arm Piece,BU211375A,1,EA,2024-09-15T18:37:11Z,Roxxon
Bucky_Arm_Vibranium_003,Arm Piece,BU339041A,1,EA,2024-07-20T06:39:20Z,Alchemax
Bucky_Arm_Vibranium_003,Arm Piece,BU629820A,1,EA,2024-07-04T05:12:10Z,Rand Corporation
Bucky_Arm_Vibranium_003,Arm Piece,BU768753B,1,EA,2024-09-25T21:20:06Z,Roxxon
Bucky_Arm_Vibranium_004,Arm Piece,BU839130B,1,EA,2024-09-19T04:49:31Z,Alchemax
Bucky_Arm_Vibranium_004,Arm Piece,BU479472A,1,EA,2024-09-01T09:34:38Z,Rand Corporation
Bucky_Arm_Vibranium_004,Arm Piece,BU606717C,1,EA,2024-09-23T06:04:05Z,Roxxon
Bucky_Arm_Vibranium_004,Arm Piece,BU197780A,1,EA,2024-08-27T13:52:55Z,Alchemax
Bucky_Arm_Vibranium_005,Arm Piece,BU155228B,1,EA,2024-09-14T22:36:40Z,Rand Corporation
Bucky_Arm_Vibranium_005,Arm Piece,BU564322A,1,EA,2024-09-04T08:11:00Z,Roxxon
Bucky_Arm_Vibranium_005,Arm Piece,BU667867C,1,EA,2024-08-04T15:29:47Z,Alchemax
Bucky_Arm_Vibranium_005,Arm Piece,BU182050B,1,EA,2024-08-10T04:18:29Z,Rand Corporation
Bucky_Arm_Vibranium_005,Arm Piece,BU400011B,1,EA,2024-10-11T18:30:23Z,Roxxon
Chest_Adamantium_001,Chest Plate,CH559854C,1,EA,2024-09-08T17:12:15Z,Pym Technologies
Chest_Adamantium_001,Chest Plate,CH351709A,1,EA,2024-08-16T05:14:04Z,Stark Industries
Chest_Adamantium_001,Chest Plate,CH589846A,1,EA,2024-07-17T20:17:16Z,Pym Technologies
Chest_Adamantium_001,Chest Plate,CH584523C,1,EA,2024-07-11T22:15:47Z,Stark Industries
Chest_Adamantium_002,Chest Plate,CH690953B,1,EA,2024-10-02T23:17:57Z,Pym Technologies
Chest_Adamantium_002,Chest Plate,CH711719A,1,EA,2024-08-23T00:39:42Z,Stark Industries
Chest_Adamantium_002,Chest Plate,CH102569C,1,EA,2024-07-26T02:49:24Z,Pym Technologies
Chest_Adamantium_002,Chest Plate,CH582356A,1,EA,2024-09-21T05:36:45Z,Stark Industries
Chest_Adamantium_002,Chest Plate,CH345164B,1,EA,2024-10-11T07:55:40Z,Pym Technologies
Chest_Adamantium_002,Chest Plate,CH361458A,1,EA,2024-10-25T02:19:41Z,Stark Industries
Chest_Adamantium_003,Chest Plate,CH598594B,1,EA,2024-08-28T22:18:12Z,Pym Technologies
Chest_Adamantium_003,Chest Plate,CH634572A,1,EA,2024-10-02T07:05:09Z,Stark Industries
Chest_Adamantium_003,Chest Plate,CH790150C,1,EA,2024-07-16T07:13:30Z,Pym Technologies
Chest_Adamantium_003,Chest Plate,CH716098B,1,EA,2024-10-07T23:28:22Z,Stark Industries
Chest_Adamantium_003,Chest Plate,CH964424A,1,EA,2024-10-27T03:01:43Z,Pym Technologies
Chest_Adamantium_003,Chest Plate,CH287669A,1,EA,2024-07-12T01:44:59Z,Stark Industries
Chest_Adamantium_004,Chest Plate,CH456233A,1,EA,2024-09-07T06:35:43Z,Pym Technologies
Chest_Adamantium_004,Chest Plate,CH262722C,1,EA,2024-07-04T23:31:03Z,Stark Industries
Chest_Adamantium_004,Chest Plate,CH738057B,1,EA,2024-10-17T17:20:58Z,Pym Technologies
Chest_Adamantium_004,Chest Plate,CH383199B,1,EA,2024-08-01T04:57:49Z,Stark Industries
Chest_Adamantium_004,Chest Plate,CH641145A,1,EA,2024-09-11T06:57:08Z,Pym Technologies
Chest_Adamantium_004,Chest Plate,CH471994B,1,EA,2024-09-03T04:03:10Z,Stark Industries
Chest_Adamantium_004,Chest Plate,CH707365C,1,EA,2024-09-11T19:22:19Z,Pym Technologies
Chest_Adamantium_005,Chest Plate,CH923141A,1,EA,2024-10-22T18:10:05Z,Stark Industries
Chest_Adamantium_005,Chest Plate,CH467424C,1,EA,2024-08-28T11:05:55Z,Pym Technologies
Chest_Adamantium_005,Chest Plate,CH254554B,1,EA,2024-07-06T11:40:36Z,Stark Industries
Chest_Adamantium_005,Chest Plate,CH265025B,1,EA,2024-07-20T03:12:29Z,Pym Technologies
Chest_Adamantium_005,Chest Plate,CH987150C,1,EA,2024-09-22T20:37:02Z,Stark Industries
Chest_Gold_Alloy_001,Chest Plate,CH649029B,1,EA,2024-07-15T21:50:44Z,Pym Technologies
Chest_Gold_Alloy_001,Chest Plate,CH928009B,1,EA,2024-07-15T11:20:37Z,Stark Industries
Chest_Gold_Alloy_001,Chest Plate,CH760726B,1,EA,2024-10-23T00:20:48Z,Pym Technologies
Chest_Gold_Alloy_001,Chest Plate,CH164900C,1,EA,2024-10-19T00:35:51Z,Stark Industries
Chest_Gold_Alloy_001,Chest Plate,CH116977C,1,EA,2024-08-15T00:06:53Z,Pym Technologies
Chest_Gold_Alloy_002,Chest Plate,CH459105C,1,EA,2024-09-22T02:41:44Z,Stark Industries
Chest_Gold_Alloy_002,Chest Plate,CH886232A,1,EA,2024-09-13T16:24:49Z,Pym Technologies
Chest_Gold_Alloy_002,Chest Plate,CH146917A,1,EA,2024-07-27T10:46:28Z,Stark Industries
Chest_Gold_Alloy_002,Chest Plate,CH725653C,1,EA,2024-10-01T12:31:54Z,Pym Technologies
Chest_Gold_Alloy_002,Chest Plate,CH734959B,1,EA,2024-07-22T10:41:37Z,Stark Industries
Chest_Gold_Alloy_002,Chest Plate,CH175243A,1,EA,2024-08-20T14:55:51Z,Pym Technologies
Chest_Gold_Alloy_002,Chest Plate,CH813689C,1,EA,2024-07-06T15:12:09Z,Stark Industries
Chest_Gold_Alloy_002,Chest Plate,CH437907A,1,EA,2024-09-26T09:25:44Z,Pym Technologies
Chest_Gold_Alloy_003,Chest Plate,CH585616A,1,EA,2024-08-05T17:56:27Z,Stark Industries
Chest_Gold_Alloy_003,Chest Plate,CH201878A,1,EA,2024-09-14T05:27:09Z,Pym Technologies
Chest_Gold_Alloy_003,Chest Plate,CH751116C,1,EA,2024-10-08T07:54:02Z,Stark Industries
Chest_Gold_Alloy_003,Chest Plate,CH536407A,1,EA,2024-08-06T20:55:39Z,Pym Technologies
Chest_Gold_Alloy_003,Chest Plate,CH281452C,1,EA,2024-07-26T19:18:24Z,Stark Industries
Chest_Gold_Alloy_003,Chest Plate,CH776525C,1,EA,2024-10-06T12:42:11Z,Pym Technologies
Chest_Gold_Alloy_003,Chest Plate,CH872355B,1,EA,2024-09-05T10:49:07Z,Stark Industries
Chest_Gold_Alloy_004,Chest Plate,CH455168C,1,EA,2024-08-09T15:59:34Z,Pym Technologies
Chest_Gold_Alloy_004,Chest Plate,CH745472B,1,EA,2024-09-28T13:03:18Z,Stark Industries
Chest_Gold_Alloy_004,Chest Plate,CH506557A,1,EA,2024-08-28T04:48:27Z,Pym Technologies
Chest_Gold_Alloy_004,Chest Plate,CH105035B,1,EA,2024-07-02T08:20:32Z,Stark Industries
Chest_Gold_Alloy_004,Chest Plate,CH520216C,1,EA,2024-10-13T06:26:24Z,Pym Technologies
Chest_Gold_Alloy_005,Chest Plate,CH805360C,1,EA,2024-10-02T09:58:37Z,Stark Industries
Chest_Gold_Alloy_005,Chest Plate,CH170005B,1,EA,2024-09-21T04:52:18Z,Pym Technologies
Chest_Gold_Alloy_005,Chest Plate,CH627863A,1,EA,2024-07-02T22:34:17Z,Stark Industries
Chest_Gold_Alloy_005,Chest Plate,CH523549C,1,EA,2024-10-22T07:43:28Z,Pym Technologies
Chest_Gold_Alloy_005,Chest Plate,CH465334B,1,EA,2024-07-24T10:46:14Z,Stark Industries
Chest_Gold_Alloy_005,Chest Plate,CH835587C,1,EA,2024-10-20T16:18:11Z,Pym Technologies
Chest_Gold_Alloy_005,Chest Plate,CH517185A,1,EA,2024-07-01T14:34:18Z,Stark Industries
Chest_Gold_Alloy_005,Chest Plate,CH693654C,1,EA,2024-09-04T00:26:15Z,Pym Technologies
Chest_Nano_Particle_001,Chest Plate,CH555849B,1,EA,2024-08-22T17:42:09Z,Stark Industries
Chest_Nano_Particle_001,Chest Plate,CH694762B,1,EA,2024-09-03T14:37:23Z,Pym Technologies
Chest_Nano_Particle_001,Chest Plate,CH108292C,1,EA,2024-08-04T19:34:55Z,Stark Industries
Chest_Nano_Particle_001,Chest Plate,CH644952B,1,EA,2024-08-22T15:52:23Z,Pym Technologies
Chest_Nano_Particle_001,Chest Plate,CH744594B,1,EA,2024-10-19T10:02:43Z,Stark Industries
Chest_Nano_Particle_002,Chest Plate,CH468497A,1,EA,2024-09-14T16:29:55Z,Pym Technologies
Chest_Nano_Particle_002,Chest Plate,CH818761A,1,EA,2024-08-05T12:55:46Z,Stark Industries
Chest_Nano_Particle_002,Chest Plate,CH940163C,1,EA,2024-08-04T20:21:09Z,Pym Technologies
Chest_Nano_Particle_002,Chest Plate,CH286924A,1,EA,2024-08-06T00:06:12Z,Stark Industries
Chest_Nano_Particle_002,Chest Plate,CH834763A,1,EA,2024-08-18T21:49:10Z,Pym Technologies
Chest_Nano_Particle_002,Chest Plate,CH210690B,1,EA,2024-07-24T23:50:11Z,Stark Industries
Chest_Nano_Particle_002,Chest Plate,CH578912C,1,EA,2024-08-24T23:18:45Z,Pym Technologies
Chest_Nano_Particle_002,Chest Plate,CH322812B,1,EA,2024-07-19T16:21:29Z,Stark Industries
Chest_Nano_Particle_002,Chest Plate,CH329893B,1,EA,2024-07-24T06:39:19Z,Pym Technologies
Chest_Nano_Particle_003,Chest Plate,CH945469C,1,EA,2024-07-08T08:40:20Z,Stark Industries
Chest_Nano_Particle_003,Chest Plate,CH803174C,1,EA,2024-09-02T06:04:23Z,Pym Technologies
Chest_Nano_Particle_003,Chest Plate,CH245498C,1,EA,2024-08-22T04:51:09Z,Stark Industries
Chest_Nano_Particle_003,Chest Plate,CH828403B,1,EA,2024-09-09T04:02:18Z,Pym Technologies
Chest_Nano_Particle_003,Chest Plate,CH228623A,1,EA,2024-10-22T04:50:26Z,Stark Industries
Chest_Nano_Particle_003,Chest Plate,CH973777A,1,EA,2024-10-13T05:42:53Z,Pym Technologies
Chest_Nano_Particle_003,Chest Plate,CH596678B,1,EA,2024-10-15T11:47:25Z,Stark Industries
Chest_Nano_Particle_003,Chest Plate,CH697816A,1,EA,2024-08-10T08:06:05Z,Pym Technologies
Chest_Nano_Particle_003,Chest Plate,CH152345B,1,EA,2024-09-11T12:42:08Z,Stark Industries
Chest_Nano_Particle_004,Chest Plate,CH944910C,1,EA,2024-10-24T09:17:00Z,Pym Technologies
Chest_Nano_Particle_004,Chest Plate,CH791384B,1,EA,2024-09-04T21:45:26Z,Stark Industries
Chest_Nano_Particle_004,Chest Plate,CH824887B,1,EA,2024-09-02T16:51:37Z,Pym Technologies
Chest_Nano_Particle_004,Chest Plate,CH553542C,1,EA,2024-09-16T14:25:17Z,Stark Industries
Chest_Nano_Particle_004,Chest Plate,CH113751C,1,EA,2024-08-05T01:54:33Z,Pym Technologies
Chest_Nano_Particle_004,Chest Plate,CH457693B,1,EA,2024-08-11T22:41:35Z,Stark Industries
Chest_Nano_Particle_004,Chest Plate,CH233686B,1,EA,2024-08-25T23:54:12Z,Pym Technologies
Chest_Nano_Particle_004,Chest Plate,CH697256B,1,EA,2024-08-02T02:25:07Z,Stark Industries
Chest_Nano_Particle_004,Chest Plate,CH185885C,1,EA,2024-08-04T18:11:29Z,Pym Technologies
Chest_Nano_Particle_004,Chest Plate,CH524687A,1,EA,2024-09-01T16:06:58Z,Stark Industries
Chest_Nano_Particle_004,Chest Plate,CH871433A,1,EA,2024-08-16T13:11:20Z,Pym Technologies
Chest_Nano_Particle_004,Chest Plate,CH610538B,1,EA,2024-07-27T09:02:05Z,Stark Industries
Chest_Nano_Particle_005,Chest Plate,CH181328B,1,EA,2024-10-16T19:26:34Z,Pym Technologies
Chest_Nano_Particle_005,Chest Plate,CH480126A,1,EA,2024-08-27T18:09:35Z,Stark Industries
Chest_Nano_Particle_005,Chest Plate,CH952318B,1,EA,2024-08-16T20:09:38Z,Pym Technologies
Chest_Vibranium_001,Chest Plate,CH516385B,1,EA,2024-10-07T13:29:59Z,Stark Industries
Chest_Vibranium_001,Chest Plate,CH188553B,1,EA,2024-10-28T13:13:07Z,Pym Technologies
Chest_Vibranium_001,Chest Plate,CH472757A,1,EA,2024-08-05T20:42:57Z,Stark Industries
Chest_Vibranium_001,Chest Plate,CH436229B,1,EA,2024-10-24T02:57:49Z,Pym Technologies
Chest_Vibranium_001,Chest Plate,CH984380A,1,EA,2024-08-23T04:43:54Z,Stark Industries
Chest_Vibranium_002,Chest Plate,CH519952C,1,EA,2024-09-19T07:50:36Z,Pym Technologies
Chest_Vibranium_002,Chest Plate,CH277288B,1,EA,2024-08-12T21:47:01Z,Stark Industries
Chest_Vibranium_002,Chest Plate,CH837350A,1,EA,2024-10-14T12:50:07Z,Pym Technologies
Chest_Vibranium_002,Chest Plate,CH225696B,1,EA,2024-09-27T02:44:26Z,Stark Industries
Chest_Vibranium_002,Chest Plate,CH708894B,1,EA,2024-10-09T18:39:29Z,Pym Technologies
Chest_Vibranium_003,Chest Plate,CH225292C,1,EA,2024-10-26T16:48:25Z,Stark Industries
Chest_Vibranium_003,Chest Plate,CH136356A,1,EA,2024-10-01T14:18:59Z,Pym Technologies
Chest_Vibranium_004,Chest Plate,CH351955B,1,EA,2024-10-08T20:55:15Z,Stark Industries
Chest_Vibranium_004,Chest Plate,CH430260B,1,EA,2024-07-25T05:21:24Z,Pym Technologies
Chest_Vibranium_004,Chest Plate,CH612800B,1,EA,2024-09-13T21:47:26Z,Stark Industries
Chest_Vibranium_004,Chest Plate,CH859674C,1,EA,2024-07-07T21:41:54Z,Pym Technologies
Chest_Vibranium_004,Chest Plate,CH128401A,1,EA,2024-09-20T19:10:43Z,Stark Industries
Chest_Vibranium_004,Chest Plate,CH500322A,1,EA,2024-10-08T08:05:05Z,Pym Technologies
Chest_Vibranium_004,Chest Plate,CH116095A,1,EA,2024-10-18T21:40:46Z,Stark Industries
Chest_Vibranium_004,Chest Plate,CH495246C,1,EA,2024-09-13T05:44:39Z,Pym Technologies
Chest_Vibranium_005,Chest Plate,CH918543A,1,EA,2024-09-10T14:18:03Z,Stark Industries
Foot_Repulsor_001,Foot Repulsor,FO340261B,1,EA,2024-09-14T11:12:05Z,Pym Technologies
Foot_Repulsor_001,Foot Repulsor,FO858045B,1,EA,2024-08-27T22:23:52Z,Stark Industries
Foot_Repulsor_001,Foot Repulsor,FO107330C,1,EA,2024-08-11T20:42:22Z,Pym Technologies
Foot_Repulsor_001,Foot Repulsor,FO723981B,1,EA,2024-08-19T07:24:11Z,Stark Industries
Foot_Repulsor_001,Foot Repulsor,FO896406A,1,EA,2024-09-20T00:29:16Z,Pym Technologies
Foot_Repulsor_001,Foot Repulsor,FO732546A,1,EA,2024-10-24T01:17:37Z,Stark Industries
Foot_Repulsor_001,Foot Repulsor,FO410823C,1,EA,2024-10-08T13:08:12Z,Pym Technologies
Foot_Repulsor_001,Foot Repulsor,FO277132B,1,EA,2024-10-09T00:09:51Z,Stark Industries
Foot_Repulsor_002,Foot Repulsor,FO982064C,1,EA,2024-10-27T09:45:13Z,Pym Technologies
Foot_Repulsor_002,Foot Repulsor,FO904387A,1,EA,2024-07-16T04:07:08Z,Stark Industries
Foot_Repulsor_002,Foot Repulsor,FO926743B,1,EA,2024-07-15T22:23:25Z,Pym Technologies
Foot_Repulsor_002,Foot Repulsor,FO782383A,1,EA,2024-09-02T08:58:26Z,Stark Industries
Foot_Repulsor_003,Foot Repulsor,FO494810B,1,EA,2024-10-21T18:45:10Z,Pym Technologies
Foot_Repulsor_003,Foot Repulsor,FO857795A,1,EA,2024-07-15T23:00:45Z,Stark Industries
Foot_Repulsor_003,Foot Repulsor,FO347813B,1,EA,2024-07-22T00:38:29Z,Pym Technologies
Foot_Repulsor_003,Foot Repulsor,FO717309B,1,EA,2024-10-14T01:25:25Z,Stark Industries
Foot_Repulsor_003,Foot Repulsor,FO329040B,1,EA,2024-10-25T13:01:51Z,Pym Technologies
Foot_Repulsor_004,Foot Repulsor,FO197914B,1,EA,2024-10-16T20:19:39Z,Stark Industries
Foot_Repulsor_004,Foot Repulsor,FO528584A,1,EA,2024-08-08T09:54:21Z,Pym Technologies
Foot_Repulsor_004,Foot Repulsor,FO931633B,1,EA,2024-08-22T17:52:02Z,Stark Industries
Foot_Repulsor_004,Foot Repulsor,FO644548C,1,EA,2024-07-03T21:01:04Z,Pym Technologies
Foot_Repulsor_004,Foot Repulsor,FO569000A,1,EA,2024-07-26T22:29:03Z,Stark Industries
Foot_Repulsor_004,Foot Repulsor,FO850176B,1,EA,2024-08-18T18:26:14Z,Pym Technologies
Foot_Repulsor_004,Foot Repulsor,FO536402C,1,EA,2024-07-03T16:54:45Z,Stark Industries
Foot_Repulsor_004,Foot Repulsor,FO586017A,1,EA,2024-10-10T10:30:36Z,Pym Technologies
Foot_Repulsor_004,Foot Repulsor,FO791855B,1,EA,2024-09-14T07:56:40Z,Stark Industries
Foot_Repulsor_004,Foot Repulsor,FO599308C,1,EA,2024-08-16T17:11:39Z,Pym Technologies
Foot_Repulsor_005,Foot Repulsor,FO746921B,1,EA,2024-08-20T05:23:36Z,Stark Industries
Foot_Repulsor_005,Foot Repulsor,FO977125C,1,EA,2024-10-07T19:42:50Z,Pym Technologies
Foot_Repulsor_005,Foot Repulsor,FO455027C,1,EA,2024-07-26T16:31:46Z,Stark Industries
Foot_Repulsor_005,Foot Repulsor,FO873290B,1,EA,2024-07-26T08:53:08Z,Pym Technologies
Foot_Repulsor_005,Foot Repulsor,FO602174C,1,EA,2024-09-06T11:19:21Z,Stark Industries
Foot_Repulsor_005,Foot Repulsor,FO383000C,1,EA,2024-07-04T12:28:57Z,Pym Technologies
Hand_Repulsor_001,Hand Repulsor,HA851617B,1,EA,2024-07-14T17:46:15Z,Stark Industries
Hand_Repulsor_001,Hand Repulsor,HA188190B,1,EA,2024-10-06T22:13:03Z,Pym Technologies
Hand_Repulsor_001,Hand Repulsor,HA898246B,1,EA,2024-09-26T14:32:07Z,Stark Industries
Hand_Repulsor_001,Hand Repulsor,HA743938B,1,EA,2024-09-10T14:17:20Z,Pym Technologies
Hand_Repulsor_001,Hand Repulsor,HA551689C,1,EA,2024-07-16T10:04:50Z,Stark Industries
Hand_Repulsor_001,Hand Repulsor,HA208238A,1,EA,2024-08-16T09:31:24Z,Pym Technologies
Hand_Repulsor_001,Hand Repulsor,HA566399B,1,EA,2024-07-11T23:16:31Z,Stark Industries
Hand_Repulsor_001,Hand Repulsor,HA279765C,1,EA,2024-07-14T02:31:39Z,Pym Technologies
Hand_Repulsor_001,Hand Repulsor,HA438989A,1,EA,2024-08-08T15:57:02Z,Stark Industries
Hand_Repulsor_001,Hand Repulsor,HA453282C,1,EA,2024-07-03T00:24:35Z,Pym Technologies
Hand_Repulsor_002,Hand Repulsor,HA291495C,1,EA,2024-08-04T03:14:11Z,Stark Industries
Hand_Repulsor_002,Hand Repulsor,HA343469C,1,EA,2024-08-06T16:35:26Z,Pym Technologies
Hand_Repulsor_002,Hand Repulsor,HA650685A,1,EA,2024-07-05T17:23:19Z,Stark Industries
Hand_Repulsor_002,Hand Repulsor,HA278810C,1,EA,2024-07-25T19:33:26Z,Pym Technologies
Hand_Repulsor_002,Hand Repulsor,HA423267C,1,EA,2024-08-02T19:03:59Z,Stark Industries
Hand_Repulsor_002,Hand Repulsor,HA869256B,1,EA,2024-08-15T10:35:40Z,Pym Technologies
Hand_Repulsor_002,Hand Repulsor,HA996837B,1,EA,2024-08-17T17:55:51Z,Stark Industries
Hand_Repulsor_002,Hand Repulsor,HA219992A,1,EA,2024-09-05T20:23:01Z,Pym Technologies
Hand_Repulsor_002,Hand Repulsor,HA217708C,1,EA,2024-09-07T14:58:44Z,Stark Industries
Hand_Repulsor_003,Hand Repulsor,HA706853C,1,EA,2024-10-21T15:32:57Z,Pym Technologies
Hand_Repulsor_003,Hand Repulsor,HA773900A,1,EA,2024-09-19T23:06:08Z,Stark Industries
Hand_Repulsor_003,Hand Repulsor,HA561757A,1,EA,2024-07-18T17:05:28Z,Pym Technologies
Hand_Repulsor_003,Hand Repulsor,HA846781B,1,EA,2024-09-25T08:36:20Z,Stark Industries
Hand_Repulsor_003,Hand Repulsor,HA643839C,1,EA,2024-10-08T07:02:11Z,Pym Technologies
Hand_Repulsor_004,Hand Repulsor,HA882346C,1,EA,2024-09-26T10:28:48Z,Stark Industries
Hand_Repulsor_004,Hand Repulsor,HA783993C,1,EA,2024-08-10T01:10:44Z,Pym Technologies
Hand_Repulsor_004,Hand Repulsor,HA228541B,1,EA,2024-09-01T10:52:25Z,Stark Industries
Hand_Repulsor_004,Hand Repulsor,HA228382A,1,EA,2024-08-25T12:03:10Z,Pym Technologies
Hand_Repulsor_004,Hand Repulsor,HA423589C,1,EA,2024-08-13T17:38:50Z,Stark Industries
Hand_Repulsor_004,Hand Repulsor,HA409236B,1,EA,2024-10-21T11:51:41Z,Pym Technologies
Hand_Repulsor_005,Hand Repulsor,HA107578B,1,EA,2024-10-12T22:01:45Z,Stark Industries
Hand_Repulsor_005,Hand Repulsor,HA521022B,1,EA,2024-07-19T10:53:52Z,Pym Technologies
Hand_Repulsor_005,Hand Repulsor,HA813108A,1,EA,2024-08-17T03:17:19Z,Stark Industries
Hand_Repulsor_005,Hand Repulsor,HA994622A,1,EA,2024-07-07T23:17:06Z,Pym Technologies
Hand_Repulsor_005,Hand Repulsor,HA825460A,1,EA,2024-08-06T15:24:06Z,Stark Industries
Hand_Repulsor_005,Hand Repulsor,HA758438B,1,EA,2024-08-26T08:05:58Z,Pym Technologies
Hand_Repulsor_005,Hand Repulsor,HA283115C,1,EA,2024-07-22T14:09:56Z,Stark Industries
Helmet_Base_001,Helmet,HE793281B,1,EA,2024-07-15T18:16:03Z,Pym Technologies
Helmet_Base_001,Helmet,HE995789C,1,EA,2024-08-01T10:48:52Z,Stark Industries
Helmet_Base_001,Helmet,HE651827B,1,EA,2024-08-20T02:10:02Z,Pym Technologies
Helmet_Base_001,Helmet,HE761767B,1,EA,2024-09-09T06:43:14Z,Stark Industries
Helmet_Base_001,Helmet,HE854371B,1,EA,2024-08-24T17:38:11Z,Pym Technologies
Helmet_Base_001,Helmet,HE871087C,1,EA,2024-09-19T21:44:39Z,Stark Industries
Helmet_Base_001,Helmet,HE503129C,1,EA,2024-07-15T01:29:09Z,Pym Technologies
Helmet_Base_001,Helmet,HE598485C,1,EA,2024-07-27T15:24:19Z,Stark Industries
Helmet_Base_002,Helmet,HE780079C,1,EA,2024-07-28T17:50:35Z,Pym Technologies
Helmet_Base_002,Helmet,HE390011C,1,EA,2024-10-22T13:30:10Z,Stark Industries
Helmet_Base_002,Helmet,HE551064A,1,EA,2024-08-02T23:20:59Z,Pym Technologies
Helmet_Base_002,Helmet,HE352817B,1,EA,2024-08-23T18:59:39Z,Stark Industries
Helmet_Base_002,Helmet,HE921813A,1,EA,2024-09-21T03:37:27Z,Pym Technologies
Helmet_Base_002,Helmet,HE571917B,1,EA,2024-09-20T20:42:27Z,Stark Industries
Helmet_Base_002,Helmet,HE530025A,1,EA,2024-07-02T08:05:26Z,Pym Technologies
Helmet_Base_003,Helmet,HE942099C,1,EA,2024-07-09T04:21:12Z,Stark Industries
Helmet_Base_003,Helmet,HE519280A,1,EA,2024-07-06T08:54:51Z,Pym Technologies
Helmet_Base_003,Helmet,HE263519A,1,EA,2024-07-01T06:48:39Z,Stark Industries
Helmet_Base_003,Helmet,HE889234C,1,EA,2024-08-11T23:16:35Z,Pym Technologies
Helmet_Base_003,Helmet,HE870939B,1,EA,2024-08-24T22:01:23Z,Stark Industries
Helmet_Base_003,Helmet,HE738052B,1,EA,2024-07-01T01:04:32Z,Pym Technologies
Helmet_Base_003,Helmet,HE512266C,1,EA,2024-07-24T11:54:54Z,Stark Industries
Helmet_Base_004,Helmet,HE226393A,1,EA,2024-10-02T01:06:49Z,Pym Technologies
Helmet_Base_004,Helmet,HE240743B,1,EA,2024-08-25T07:43:00Z,Stark Industries
Helmet_Base_004,Helmet,HE553742B,1,EA,2024-07-12T01:45:54Z,Pym Technologies
Helmet_Base_004,Helmet,HE231545A,1,EA,2024-07-25T16:34:49Z,Stark Industries
Helmet_Base_005,Helmet,HE746917C,1,EA,2024-10-11T14:33:02Z,Pym Technologies
Helmet_Base_005,Helmet,HE374061B,1,EA,2024-07-23T18:13:22Z,Stark Industries
Helmet_Base_005,Helmet,HE230109B,1,EA,2024-09-17T20:09:03Z,Pym Technologies
Helmet_Base_005,Helmet,HE655074B,1,EA,2024-10-27T21:42:24Z,Stark Industries
Helmet_Base_005,Helmet,HE204282B,1,EA,2024-09-07T16:38:36Z,Pym Technologies
Helmet_Base_005,Helmet,HE878010A,1,EA,2024-07-07T01:05:11Z,Stark Industries
Helmet_Base_005,Helmet,HE262275A,1,EA,2024-07-11T11:46:09Z,Pym Technologies
Helmet_Base_005,Helmet,HE110835A,1,EA,2024-08-04T00:35:49Z,Stark Industries
Helmet_Nano_001,Helmet,HE808920C,1,EA,2024-10-15T04:10:24Z,Pym Technologies
Helmet_Nano_001,Helmet,HE759096C,1,EA,2024-10-12T20:18:58Z,Stark Industries
Helmet_Nano_001,Helmet,HE654094A,1,EA,2024-10-22T06:12:14Z,Pym Technologies
Helmet_Nano_001,Helmet,HE266239B,1,EA,2024-10-17T21:14:25Z,Stark Industries
Helmet_Nano_001,Helmet,HE592342B,1,EA,2024-07-27T03:33:39Z,Pym Technologies
Helmet_Nano_001,Helmet,HE490210A,1,EA,2024-08-06T00:20:18Z,Stark Industries
Helmet_Nano_001,Helmet,HE904913B,1,EA,2024-09-22T11:08:45Z,Pym Technologies
Helmet_Nano_002,Helmet,HE187459C,1,EA,2024-07-04T06:36:11Z,Stark Industries
Helmet_Nano_002,Helmet,HE114129A,1,EA,2024-08-09T04:27:14Z,Pym Technologies
Helmet_Nano_002,Helmet,HE557244C,1,EA,2024-08-25T13:56:52Z,Stark Industries
Helmet_Nano_002,Helmet,HE888498C,1,EA,2024-10-06T10:30:08Z,Pym Technologies
Helmet_Nano_002,Helmet,HE403949C,1,EA,2024-10-12T15:09:11Z,Stark Industries
Helmet_Nano_004,Helmet,HE486577A,1,EA,2024-07-27T12:56:03Z,Pym Technologies
Helmet_Nano_004,Helmet,HE186228A,1,EA,2024-07-12T15:01:01Z,Stark Industries
Helmet_Nano_004,Helmet,HE571931A,1,EA,2024-10-20T01:10:58Z,Pym Technologies
Helmet_Nano_004,Helmet,HE182899B,1,EA,2024-08-11T09:47:59Z,Stark Industries
Helmet_Nano_004,Helmet,HE825603A,1,EA,2024-09-09T17:57:10Z,Pym Technologies
Helmet_Nano_004,Helmet,HE126029C,1,EA,2024-10-14T08:27:18Z,Stark Industries
Helmet_Nano_004,Helmet,HE497219C,1,EA,2024-09-16T21:28:07Z,Pym Technologies
Helmet_Nano_004,Helmet,HE292075C,1,EA,2024-10-24T07:25:55Z,Stark Industries
Helmet_Nano_004,Helmet,HE379582C,1,EA,2024-07-14T18:56:15Z,Pym Technologies
Helmet_Nano_004,Helmet,HE510432C,1,EA,2024-08-03T09:29:00Z,Stark Industries
Helmet_Nano_005,Helmet,HE207726A,1,EA,2024-07-21T09:48:15Z,Pym Technologies
Helmet_Nano_005,Helmet,HE369720B,1,EA,2024-08-05T10:08:41Z,Stark Industries
Leg_Nano_001,Leg Piece,LE948477A,1,EA,2024-07-27T07:44:39Z,Pym Technologies
Leg_Nano_001,Leg Piece,LE747277B,1,EA,2024-07-14T09:52:33Z,Stark Industries
Leg_Nano_001,Leg Piece,LE654836B,1,EA,2024-09-08T15:43:35Z,Pym Technologies
Leg_Nano_001,Leg Piece,LE639848B,1,EA,2024-07-16T06:50:07Z,Stark Industries
Leg_Nano_002,Leg Piece,LE121120B,1,EA,2024-07-11T20:02:13Z,Pym Technologies
Leg_Nano_002,Leg Piece,LE413641A,1,EA,2024-10-09T03:46:31Z,Stark Industries
Leg_Nano_002,Leg Piece,LE849811C,1,EA,2024-07-19T03:17:17Z,Pym Technologies
Leg_Nano_002,Leg Piece,LE964596B,1,EA,2024-09-03T22:31:32Z,Stark Industries
Leg_Nano_002,Leg Piece,LE331369B,1,EA,2024-10-26T00:57:42Z,Pym Technologies
Leg_Nano_002,Leg Piece,LE683475B,1,EA,2024-09-04T12:00:06Z,Stark Industries
Leg_Nano_003,Leg Piece,LE679360B,1,EA,2024-10-03T07:32:55Z,Pym Technologies
Leg_Nano_003,Leg Piece,LE908120A,1,EA,2024-08-08T03:00:40Z,Stark Industries
Leg_Nano_003,Leg Piece,LE261514A,1,EA,2024-07-25T23:00:52Z,Pym Technologies
Leg_Nano_003,Leg Piece,LE562776B,1,EA,2024-08-23T06:59:06Z,Stark Industries
Leg_Nano_003,Leg Piece,LE461691B,1,EA,2024-10-26T01:11:07Z,Pym Technologies
Leg_Nano_003,Leg Piece,LE558801C,1,EA,2024-07-16T02:14:05Z,Stark Industries
Leg_Nano_004,Leg Piece,LE663827B,1,EA,2024-07-21T15:37:55Z,Pym Technologies
Leg_Nano_004,Leg Piece,LE987907C,1,EA,2024-10-28T11:05:35Z,Stark Industries
Leg_Nano_004,Leg Piece,LE770543A,1,EA,2024-10-19T20:01:06Z,Pym Technologies
Leg_Nano_005,Leg Piece,LE179006C,1,EA,2024-09-20T13:18:28Z,Stark Industries
Leg_Nano_005,Leg Piece,LE511089B,1,EA,2024-08-08T10:00:14Z,Pym Technologies
Leg_Nano_005,Leg Piece,LE490294A,1,EA,2024-07-25T00:11:37Z,Stark Industries
Leg_Nano_005,Leg Piece,LE812299A,1,EA,2024-09-06T21:39:28Z,Pym Technologies
Leg_Nano_005,Leg Piece,LE855719C,1,EA,2024-10-03T19:10:32Z,Stark Industries
Leg_Nano_005,Leg Piece,LE140507A,1,EA,2024-09-06T18:45:58Z,Pym Technologies
Shoulder_Nano_001,Shoulder Plate,SH809279A,1,EA,2024-09-04T13:43:16Z,Stark Industries
Shoulder_Nano_001,Shoulder Plate,SH613395A,1,EA,2024-10-17T18:39:05Z,Pym Technologies
Shoulder_Nano_001,Shoulder Plate,SH906385B,1,EA,2024-10-28T15:10:06Z,Stark Industries
Shoulder_Nano_001,Shoulder Plate,SH450932C,1,EA,2024-09-01T13:53:53Z,Pym Technologies
Shoulder_Nano_001,Shoulder Plate,SH587004A,1,EA,2024-08-17T22:34:20Z,Stark Industries
Shoulder_Nano_001,Shoulder Plate,SH712861B,1,EA,2024-07-20T15:45:38Z,Pym Technologies
Shoulder_Nano_001,Shoulder Plate,SH153938A,1,EA,2024-10-18T17:42:18Z,Stark Industries
Shoulder_Nano_001,Shoulder Plate,SH846737C,1,EA,2024-09-22T04:09:42Z,Pym Technologies
Shoulder_Nano_002,Shoulder Plate,SH756352C,1,EA,2024-08-22T13:23:55Z,Stark Industries
Shoulder_Nano_002,Shoulder Plate,SH632221C,1,EA,2024-09-15T22:37:15Z,Pym Technologies
Shoulder_Nano_002,Shoulder Plate,SH314382B,1,EA,2024-09-24T20:43:11Z,Stark Industries
Shoulder_Nano_002,Shoulder Plate,SH997047A,1,EA,2024-10-13T17:33:47Z,Pym Technologies
Shoulder_Nano_002,Shoulder Plate,SH756819C,1,EA,2024-08-16T05:37:44Z,Stark Industries
Shoulder_Nano_002,Shoulder Plate,SH719374B,1,EA,2024-08-14T11:58:06Z,Pym Technologies
Shoulder_Nano_002,Shoulder Plate,SH235866C,1,EA,2024-09-24T06:37:08Z,Stark Industries
Shoulder_Nano_002,Shoulder Plate,SH994711A,1,EA,2024-09-09T00:37:55Z,Pym Technologies
Shoulder_Nano_002,Shoulder Plate,SH843037B,1,EA,2024-10-15T20:48:09Z,Stark Industries
Shoulder_Nano_003,Shoulder Plate,SH214436A,1,EA,2024-07-23T18:07:23Z,Pym Technologies
Shoulder_Nano_003,Shoulder Plate,SH653609B,1,EA,2024-10-08T08:51:37Z,Stark Industries
Shoulder_Nano_003,Shoulder Plate,SH956707B,1,EA,2024-07-18T21:01:25Z,Pym Technologies
Shoulder_Nano_003,Shoulder Plate,SH968881B,1,EA,2024-07-11T10:08:39Z,Stark Industries
Shoulder_Nano_003,Shoulder Plate,SH164275A,1,EA,2024-10-14T14:44:44Z,Pym Technologies
Shoulder_Nano_003,Shoulder Plate,SH329083C,1,EA,2024-08-23T03:46:32Z,Stark Industries
Shoulder_Nano_003,Shoulder Plate,SH129237A,1,EA,2024-09-20T16:00:40Z,Pym Technologies
Shoulder_Nano_003,Shoulder Plate,SH569537A,1,EA,2024-07-06T20:52:09Z,Stark Industries
Shoulder_Nano_003,Shoulder Plate,SH384622C,1,EA,2024-07-05T15:47:17Z,Pym Technologies
Shoulder_Nano_003,Shoulder Plate,SH551764A,1,EA,2024-09-28T02:13:12Z,Stark Industries
Shoulder_Nano_004,Shoulder Plate,SH132663A,1,EA,2024-10-24T15:27:41Z,Pym Technologies
Shoulder_Nano_004,Shoulder Plate,SH448746B,1,EA,2024-08-13T16:15:14Z,Stark Industries
Shoulder_Nano_004,Shoulder Plate,SH615361A,1,EA,2024-07-23T08:43:01Z,Pym Technologies
Shoulder_Nano_004,Shoulder Plate,SH143175C,1,EA,2024-10-11T08:22:16Z,Stark Industries
Shoulder_Nano_004,Shoulder Plate,SH165759C,1,EA,2024-10-21T03:20:09Z,Pym Technologies
Shoulder_Nano_005,Shoulder Plate,SH741132C,1,EA,2024-09-10T05:05:51Z,Stark Industries
Shoulder_Nano_005,Shoulder Plate,SH446218B,1,EA,2024-10-16T05:30:32Z,Pym Technologies
Shoulder_Nano_005,Shoulder Plate,SH664664A,1,EA,2024-08-12T17:39:07Z,Stark Industries
Shoulder_Nano_005,Shoulder Plate,SH638336A,1,EA,2024-10-17T19:58:18Z,Pym Technologies
Shoulder_Nano_005,Shoulder Plate,SH621249C,1,EA,2024-08-22T11:38:45Z,Stark Industries
Shoulder_Nano_005,Shoulder Plate,SH568470C,1,EA,2024-08-12T00:21:17Z,Pym Technologies
Shoulder_Nano_005,Shoulder Plate,SH958114A,1,EA,2024-08-24T23:18:56Z,Stark Industries
Thruster_001,Thruster,TH226096A,1,EA,2024-08-21T22:11:44Z,Pym Technologies
Thruster_001,Thruster,TH465038C,1,EA,2024-10-15T00:16:19Z,Stark Industries
Thruster_001,Thruster,TH568344B,1,EA,2024-08-03T07:05:57Z,Pym Technologies
Thruster_001,Thruster,TH140082A,1,EA,2024-08-13T02:25:28Z,Stark Industries
Thruster_001,Thruster,TH883511A,1,EA,2024-07-05T15:24:00Z,Pym Technologies
Thruster_001,Thruster,TH899566A,1,EA,2024-10-27T02:31:49Z,Stark Industries
Thruster_001,Thruster,TH704236A,1,EA,2024-08-27T03:56:54Z,Pym Technologies
Thruster_001,Thruster,TH695669A,1,EA,2024-09-25T17:56:03Z,Stark Industries
Thruster_001,Thruster,TH823714C,1,EA,2024-10-03T18:09:20Z,Pym Technologies
Thruster_001,Thruster,TH442174B,1,EA,2024-08-17T23:14:46Z,Stark Industries
Thruster_001,Thruster,TH340119A,1,EA,2024-10-23T20:26:11Z,Pym Technologies
Thruster_002,Thruster,TH972886C,1,EA,2024-07-12T20:04:41Z,Stark Industries
Thruster_002,Thruster,TH299897A,1,EA,2024-07-05T01:47:48Z,Pym Technologies
Thruster_002,Thruster,TH590050B,1,EA,2024-07-11T18:59:03Z,Stark Industries
Thruster_002,Thruster,TH608901A,1,EA,2024-08-28T14:20:45Z,Pym Technologies
Thruster_003,Thruster,TH303743A,1,EA,2024-07-14T05:53:36Z,Stark Industries
Thruster_003,Thruster,TH157742A,1,EA,2024-08-11T04:10:20Z,Pym Technologies
Thruster_003,Thruster,TH970484C,1,EA,2024-10-07T23:08:51Z,Stark Industries
Thruster_003,Thruster,TH944084B,1,EA,2024-10-24T13:50:12Z,Pym Technologies
Thruster_003,Thruster,TH687129B,1,EA,2024-10-28T13:45:23Z,Stark Industries
Thruster_003,Thruster,TH222201C,1,EA,2024-09-02T02:03:05Z,Pym Technologies
Thruster_003,Thruster,TH263540C,1,EA,2024-10-02T06:49:52Z,Stark Industries
Thruster_004,Thruster,TH161826B,1,EA,2024-09-20T02:19:45Z,Pym Technologies
Thruster_004,Thruster,TH336791A,1,EA,2024-07-28T12:03:16Z,Stark Industries
Thruster_004,Thruster,TH200540C,1,EA,2024-08-12T13:01:51Z,Pym Technologies
Thruster_004,Thruster,TH928955B,1,EA,2024-07-05T05:49:00Z,Stark Industries
Thruster_004,Thruster,TH920568C,1,EA,2024-07-09T14:17:49Z,Pym Technologies
Thruster_004,Thruster,TH517388B,1,EA,2024-08-03T20:15:25Z,Stark Industries
Thruster_004,Thruster,TH518480C,1,EA,2024-09-04T10:34:56Z,Pym Technologies
Thruster_005,Thruster,TH791560A,1,EA,2024-08-11T15:56:57Z,Stark Industries
Thruster_005,Thruster,TH370243C,1,EA,2024-07-16T20:15:34Z,Pym Technologies
Thruster_005,Thruster,TH207681B,1,EA,2024-09-25T19:36:11Z,Stark Industries
Thruster_005,Thruster,TH136791A,1,EA,2024-08-15T22:40:23Z,Pym Technologies
Thruster_005,Thruster,TH988866A,1,EA,2024-08-21T09:29:23Z,Stark Industries
Thruster_005,Thruster,TH274064C,1,EA,2024-10-21T04:32:01Z,Pym Technologies
Thruster_005,Thruster,TH970169C,1,EA,2024-09-12T23:20:42Z,Stark Industries
Thruster_005,Thruster,TH511918C,1,EA,2024-08-14T15:28:49Z,Pym Technologies
Arc_Reactor_mk1,Arc Reactor,ARC3349377,1,EA,2024-09-02T14:05:21Z,Stark Industries
Arc_Reactor_mk1,Arc Reactor,ARC2971206,1,EA,2024-08-12T21:52:57Z,Pym Technologies
Arc_Reactor_mk1,Arc Reactor,ARC1337635,1,EA,2024-10-01T13:19:19Z,Stark Industries
Arc_Reactor_mk1,Arc Reactor,ARC3067923,1,EA,2024-10-26T15:07:30Z,Pym Technologies
Arc_Reactor_mk1,Arc Reactor,ARC742665,1,EA,2024-08-13T23:32:35Z,Stark Industries
Arc_Reactor_mk1,Arc Reactor,ARC4109400,1,EA,2024-10-28T07:42:57Z,Pym Technologies
Arc_Reactor_mk1,Arc Reactor,ARC3758878,1,EA,2024-07-23T07:43:44Z,Stark Industries
Arc_Reactor_mk1,Arc Reactor,ARC4358951,1,EA,2024-10-02T18:36:31Z,Pym Technologies
Arc_Reactor_mk1,Arc Reactor,ARC4262900,1,EA,2024-07-15T06:01:03Z,Stark Industries
Arc_Reactor_mk1,Arc Reactor,ARC1772355,1,EA,2024-10-24T18:38:54Z,Pym Technologies
Arc_Reactor_mk1,Arc Reactor,ARC708889,1,EA,2024-07-02T19:54:49Z,Stark Industries
Arc_Reactor_mk1,Arc Reactor,ARC4271403,1,EA,2024-07-05T03:10:01Z,Pym Technologies
Arc_Reactor_mk1,Arc Reactor,ARC530990,1,EA,2024-08-22T12:44:01Z,Stark Industries
Arc_Reactor_mk1,Arc Reactor,ARC1836755,1,EA,2024-07-26T23:44:28Z,Pym Technologies
Arc_Reactor_mk1,Arc Reactor,ARC3476135,1,EA,2024-10-03T21:43:08Z,Stark Industries
Arc_Reactor_mk1,Arc Reactor,ARC3303581,1,EA,2024-07-12T12:06:23Z,Pym Technologies
Arc_Reactor_mk1,Arc Reactor,ARC2787594,1,EA,2024-07-20T23:10:17Z,Stark Industries
Arc_Reactor_mk1,Arc Reactor,ARC2267069,1,EA,2024-09-21T13:23:53Z,Pym Technologies
Arc_Reactor_mk1,Arc Reactor,ARC3545379,1,EA,2024-09-03T23:58:48Z,Stark Industries
Arc_Reactor_mk1,Arc Reactor,ARC2815520,1,EA,2024-07-08T17:34:25Z,Pym Technologies
Arc_Reactor_mk1,Arc Reactor,ARC1604581,1,EA,2024-08-17T10:22:12Z,Stark Industries
Arc_Reactor_mk1,Arc Reactor,ARC721276,1,EA,2024-07-05T03:01:12Z,Pym Technologies
Arc_Reactor_mk1,Arc Reactor,ARC4195357,1,EA,2024-07-17T01:51:31Z,Stark Industries
Arc_Reactor_mk1,Arc Reactor,ARC465306,1,EA,2024-09-02T18:13:48Z,Pym Technologies
Arc_Reactor_mk1,Arc Reactor,ARC4479117,1,EA,2024-07-12T06:58:17Z,Stark Industries
Arc_Reactor_mk1,Arc Reactor,ARC1343424,1,EA,2024-07-09T03:12:23Z,Pym Technologies
Arc_Reactor_mk1,Arc Reactor,ARC3661801,1,EA,2024-08-09T21:48:29Z,Stark Industries
Arc_Reactor_mk1,Arc Reactor,ARC3966455,1,EA,2024-09-17T02:34:42Z,Pym Technologies
Arc_Reactor_mk1,Arc Reactor,ARC3329680,1,EA,2024-07-26T02:12:20Z,Stark Industries
Arc_Reactor_mk1,Arc Reactor,ARC1634313,1,EA,2024-09-03T13:10:58Z,Pym Technologies
Arc_Reactor_mk1,Arc Reactor,ARC1260585,1,EA,2024-10-06T19:51:09Z,Stark Industries
Arc_Reactor_mk1,Arc Reactor,ARC1433493,1,EA,2024-07-17T19:47:42Z,Pym Technologies
Arc_Reactor_mk1,Arc Reactor,ARC3743391,1,EA,2024-07-12T14:21:01Z,Stark Industries
Arc_Reactor_mk1,Arc Reactor,ARC1162236,1,EA,2024-08-03T02:07:47Z,Pym Technologies
Arc_Reactor_mk1,Arc Reactor,ARC2250395,1,EA,2024-09-27T05:32:03Z,Stark Industries
Arc_Reactor_mk1,Arc Reactor,ARC3737804,1,EA,2024-07-05T13:28:15Z,Pym Technologies
Arc_Reactor_mk1,Arc Reactor,ARC2988990,1,EA,2024-10-05T12:28:24Z,Stark Industries
Arc_Reactor_mk1,Arc Reactor,ARC2072847,1,EA,2024-08-06T11:50:44Z,Pym Technologies
Arc_Reactor_mk1,Arc Reactor,ARC4247269,1,EA,2024-10-11T04:47:56Z,Stark Industries
Arc_Reactor_mk1,Arc Reactor,ARC1553771,1,EA,2024-10-06T09:09:39Z,Pym Technologies
Arc_Reactor_mk1,Arc Reactor,ARC4502018,1,EA,2024-10-09T14:06:54Z,Stark Industries
Arc_Reactor_mk1,Arc Reactor,ARC3347515,1,EA,2024-10-11T00:17:05Z,Pym Technologies
Ionized_Fuel_A04,Fuel,IF2349,15000,L,2024-07-18T23:46:01Z,Roxxon
Connector_MK_01,Connector,ALC_MK_0147158,500,EA,2024-10-12T19:04:29Z,Alchemax
Connector_MK_02,Connector,ALC_MK_0147159,500,EA,2024-08-08T09:03:11Z,Alchemax
Connector_MK_03,Connector,ALC_MK_0147160,500,EA,2024-09-15T18:56:07Z,Alchemax
Connector_MK_04,Connector,ALC_MK_0147161,500,EA,2024-10-13T03:53:23Z,Alchemax
Connector_MK_05,Connector,ALC_MK_0147162,500,EA,2024-07-15T14:38:50Z,Alchemax
Connector_MK_06,Connector,ALC_MK_0147163,500,EA,2024-09-02T12:48:10Z,Alchemax
Connector_MK_07,Connector,ALC_MK_0147164,500,EA,2024-09-07T03:04:14Z,Alchemax
Connector_MK_08,Connector,ALC_MK_0147165,500,EA,2024-08-26T14:47:24Z,Alchemax
Connector_MK_09,Connector,ALC_MK_0147166,500,EA,2024-09-21T11:20:57Z,Alchemax
Connector_MK_10,Connector,ALC_MK_0147167,500,EA,2024-07-26T10:52:29Z,Alchemax
Connector_MK_11,Connector,ALC_MK_0147168,500,EA,2024-09-11T16:39:36Z,Alchemax
Connector_MK_12,Connector,ALC_MK_0147169,500,EA,2024-08-19T05:52:58Z,Alchemax
Connector_MK_13,Connector,ALC_MK_0147170,500,EA,2024-07-25T05:50:12Z,Alchemax
Connector_MK_14,Connector,ALC_MK_0147171,500,EA,2024-10-06T17:11:49Z,Alchemax
Connector_MK_15,Connector,ALC_MK_0147172,500,EA,2024-10-03T13:37:02Z,Alchemax
Connector_MK_16,Connector,ALC_MK_0147173,500,EA,2024-08-24T04:56:09Z,Alchemax
Connector_MK_17,Connector,ALC_MK_0147174,500,EA,2024-09-10T03:52:13Z,Alchemax
Connector_MK_18,Connector,ALC_MK_0147175,500,EA,2024-09-09T16:28:32Z,Alchemax
Connector_MK_19,Connector,ALC_MK_0147176,500,EA,2024-08-22T17:16:46Z,Alchemax
Connector_MK_20,Connector,ALC_MK_0147177,500,EA,2024-10-13T21:34:38Z,Alchemax
Connector_MK_21,Connector,ALC_MK_0147178,500,EA,2024-10-18T14:24:55Z,Alchemax
Connector_MK_22,Connector,ALC_MK_0147179,500,EA,2024-08-16T21:40:15Z,Alchemax
Connector_MK_23,Connector,ALC_MK_0147180,500,EA,2024-08-24T02:36:23Z,Alchemax
Connector_MK_24,Connector,ALC_MK_0147181,500,EA,2024-09-28T03:27:49Z,Alchemax
Connector_MK_25,Connector,ALC_MK_0147182,500,EA,2024-09-01T20:10:00Z,Alchemax
Connector_MK_26,Connector,ALC_MK_0147183,500,EA,2024-07-22T18:33:55Z,Alchemax
Connector_MK_27,Connector,ALC_MK_0147184,500,EA,2024-07-14T22:03:45Z,Alchemax
Connector_MK_28,Connector,ALC_MK_0147185,500,EA,2024-08-01T03:32:27Z,Alchemax
Connector_MK_29,Connector,ALC_MK_0147186,500,EA,2024-10-11T11:44:17Z,Alchemax
Connector_MK_30,Connector,ALC_MK_0147187,500,EA,2024-10-26T19:36:53Z,Alchemax
Connector_MK_31,Connector,ALC_MK_0147188,500,EA,2024-08-25T23:29:59Z,Alchemax
Connector_MK_32,Connector,ALC_MK_0147189,500,EA,2024-07-15T20:25:50Z,Alchemax
Connector_MK_33,Connector,ALC_MK_0147190,500,EA,2024-07-15T03:00:35Z,Alchemax
Connector_MK_34,Connector,ALC_MK_0147191,500,EA,2024-07-28T18:32:45Z,Alchemax
Connector_MK_35,Connector,ALC_MK_0147192,500,EA,2024-10-10T04:42:47Z,Alchemax
Connector_MK_36,Connector,ALC_MK_0147193,500,EA,2024-10-26T23:11:38Z,Alchemax
Connector_MK_37,Connector,ALC_MK_0147194,500,EA,2024-07-12T08:17:57Z,Alchemax
Connector_MK_38,Connector,ALC_MK_0147195,500,EA,2024-10-19T00:51:13Z,Alchemax
Connector_MK_39,Connector,ALC_MK_0147196,500,EA,2024-08-28T21:20:33Z,Alchemax
Connector_MK_40,Connector,ALC_MK_0147197,500,EA,2024-09-25T12:58:31Z,Alchemax
Connector_MK_41,Connector,ALC_MK_0147198,500,EA,2024-07-27T16:19:19Z,Alchemax
Connector_MK_42,Connector,ALC_MK_0147199,500,EA,2024-09-09T07:48:09Z,Alchemax
Connector_MK_43,Connector,ALC_MK_0147200,500,EA,2024-08-12T05:42:10Z,Alchemax
Connector_MK_44,Connector,ALC_MK_0147201,500,EA,2024-10-07T17:18:51Z,Alchemax
Connector_MK_45,Connector,ALC_MK_0147202,500,EA,2024-08-24T06:55:36Z,Alchemax
Connector_MK_46,Connector,ALC_MK_0147203,500,EA,2024-07-05T16:18:59Z,Alchemax
Connector_MK_47,Connector,ALC_MK_0147204,500,EA,2024-07-18T09:29:34Z,Alchemax
Connector_MK_48,Connector,ALC_MK_0147205,500,EA,2024-08-04T02:35:31Z,Alchemax
Connector_MK_49,Connector,ALC_MK_0147206,500,EA,2024-08-14T00:38:54Z,Alchemax
Connector_MK_50,Connector,ALC_MK_0147207,500,EA,2024-09-03T03:10:01Z,Alchemax
Connector_MK_51,Connector,ALC_MK_0147208,500,EA,2024-10-24T08:45:17Z,Alchemax
Connector_MK_52,Connector,ALC_MK_0147209,500,EA,2024-09-14T02:43:33Z,Alchemax
Connector_MK_53,Connector,ALC_MK_0147210,500,EA,2024-07-01T10:06:31Z,Alchemax
Connector_MK_54,Connector,ALC_MK_0147211,500,EA,2024-07-10T21:21:59Z,Alchemax
